{"cam_matrix": [[602.3773510690404, 0.0, 318.32785], [0.0, 602.3773510690404, 239.95692], [0.0, 0.0, 1.0]], "dist": [0.0, 0.0, 0.0, 0.0, 0.0]}