{"cam_matrix": [[434.60506981073746, 0.0, 321.60822], [0.0, 434.60506981073746, 239.47842], [0.0, 0.0, 1.0]], "dist": [0.0, 0.0, 0.0, 0.0, 0.0]}