{"cam_matrix": [[530.0406407158206, 0.0, 320.60107], [0.0, 530.0406407158206, 241.17303], [0.0, 0.0, 1.0]], "dist": [0.0, 0.0, 0.0, 0.0, 0.0]}